N° artículo en tienda,EAN / GTIN / código barras,Número del fabricante (HAN/MPN),Fabricante / Marca,Nombre del producto,Precio,Precio especial,Precio original,Plazo de entrega,Categoría del producto en la tienda,Descripción del producto,Características del producto / Otros atributos,URL del producto,URLimagen_1,URLimagen_2,URLimagen_3,Color,Talla,Transferencia,Transferencia / Paypal Austria,Tarjeta de crédito,Paypal,Sofortüberweisung,Domiciliación,Reembolso,Comentario sobre los gastos de envío,Precio base,Cupón de descuento,Clase de eficiencia energética,Unidades
67774,8005125677740,67774,Clementoni,8 juegos en 1 Clementi,11.99,,11.99,1 - 14 días,Brinquedos,"<p data-pm-slice=""1 1 []"" data-mce-fragment=""1"">Um conjunto de 8 jogos educativos de associação desenvolvido para as crianças aprenderem, enquanto brincam, as formas, cores, números e quantidades.</p>
<p data-mce-fragment=""1"">Ideal para crianças em idade pré-escolar, desenvolvendo capacidades lógicas de observação, associação, memória e destreza manual.</p>
<ul class=""ak-ul"" data-mce-fragment=""1"">
<li data-mce-fragment=""1"">
<p data-mce-fragment=""1"">Indicado para crianças com 3 ou mais anos</p>
</li>
</ul>
<p data-mce-fragment=""1""> <br data-mce-fragment=""1""></p>","Clementoni, Criança, jogo, KuantoKusta, Novidades, Presentes ideais, Pré-Escolar",https://abcescolar.pt/es/products/8-jogos-em-1-clementoni,https://cdn.shopify.com/s/files/1/0555/4277/5963/products/8_jogos_em_1_1.jpg?v=1671009875,,,,N/A,,,,,,,,4.5 €,11.99,,,4
32123,32123,32123,"Miniland, S.A.",84 partes de construcción (conexión),45.11,,45.11,1 - 14 días,,"<div class=""row pagina_produto"" data-mce-fragment=""1"" itemtype=""https://schema.org/Product"" itemscope="""">
 <div class=""medium-7 large-8 columns"" data-mce-fragment=""1"">
 <div class=""row"" data-mce-fragment=""1"">
 <div class=""produto-box"" data-mce-fragment=""1"">
 <div data-mce-fragment=""1"">
 <h2>Aprender com construções geométricas !</h2>
 <p data-mce-fragment=""1"">Este extraordinário jogo, mediante a montagem de diferentes peças em forma de polígonos bidimensionais, permite aos mais novos construir poliedros volumétricos tridimensionais. Com este conjunto de 84 peças encaixáveis, os mais novos poderão aprender conceitos de geometria de uma forma mais simples, divertida e didática.</p>
 <p data-mce-fragment=""1"">Além das atividades de montagem, este conjunto permite um conhecimento abrangente de vários princípios geométricos auxiliando as crianças a explorar vários domínios de aprendizagem.</p>
 <h2 data-mce-fragment=""1"">Características:</h2>
 <ul>
 <li>Inclui 84 peças encaixáveis;</li>
 <li>Permite a construção de diferentes prismas</li>
 <li>Inclui um guia didático e balde de plástico com asa para facilitar o armazenamento das diferentes peças;</li>
 <li>Idade recomendada: 5 a 9 anos de idade;</li>
 <li>Com caixa de plástico.</li>
 </ul>
 </div>
 </div>
 </div>
 </div>
 </div>","1º Ciclo, Geometria, Matemática",https://abcescolar.pt/es/products/84-pecas-de-construcao,https://cdn.shopify.com/s/files/1/0555/4277/5963/products/conexion84.jpg?v=1665653808,,,,N/A,,,,,,,,4.5 €,45.11,,,5
16362,,16362,"Miniland, S.A.",Abaco curvado,29.62,,29.62,1 - 14 días,Ábacos,"<h1></h1>
<p> </p>
<h1></h1>","1º Ciclo, Matemática, Números e Operações",https://abcescolar.pt/es/products/abaco-curvo,https://cdn.shopify.com/s/files/1/0555/4277/5963/files/abaco-curvo.jpg?v=1694708839,,,,N/A,,,,,,,,4.5 €,29.62,,,8
95053,,95053,"Miniland, S.A.",ABACO MULTIBASE 6 PINS,40.33,,40.33,1 - 14 días,,"Um ábaco vertical de 6 colunas feito de plástico resistente com cubos coloridos de fácil manuseio. Material prático e atrativo projetado para promover o pensamento matemático e lógico de uma criança. Essa atividade familiariza as crianças com noções matemáticas básicas e facilita a compreensão do valor posicional dos números. Além disso, enfoca a contagem, a seriação, os números anteriores e seguintes, e cálculos usando as 12 folhas de atividade fornecidas no jogo, juntamente com o guia de ensino.","1º Ciclo, Matemática, Material de apoio, Novidades",https://abcescolar.pt/es/products/abaco-multibase-6-pinos,https://cdn.shopify.com/s/files/1/0555/4277/5963/files/5005095053_1_1.webp?v=1701707276,,,,N/A,,,,,,,,4.5 €,40.33,,,4
162344.1210,SA033.500G,162344.1210,Sordalab,Ácido vástago,22.55,,22.55,1 - 14 días,Ácido,"<p>Fórmula : C<sub>4</sub>H<sub>4</sub>O<sub>4</sub><br>
  Peso molecular : 116, 07 g/mol<br>
  Número CAS : 110-17-8<br>
  Número CE : 203-743-0</p>
  
  <p>Especificação :<br>
  Aspecto : poudre blanche<br>
  Pureza mínima : 99%<br>
  Ponto de fusão : 298-300°C<br>
  Ponto de inflamação : 230°C c.f.<br>
  Densidade : 1, 635 g/cm3 à 20°C<br>
  Solubilidade em H2O : 7 g/L (25°C)</p>","A, Reagentes",https://abcescolar.pt/es/products/acido-fumarico,https://cdn.shopify.com/s/files/1/0555/4277/5963/products/woocommerce-placeholder_83502cf2-0c63-4d7a-a489-d0dd6e564541.png?v=1665658167,,,,N/A,,,,,,,,4.5 €,22.55,,,3
KS0297,KS0297,KS0297,"Shenzhen KEYES DIY Robot co., Ltd (Keyestudio)",Adaptador de tablero de ruptura para micro: bit,6.52,,6.52,1 - 14 días,,"<p>Adaptador Breakout Board para Micro:bit esta placa é desenvolvida especificamente para facilitar a fiação da placa de desenvolvimento de micro bits. Assim, quebra todos os pinos e a potência da placa de desenvolvimento de micro-bits para ambos os lados do conector. Desta forma, para que possa conectá-la a outros componentes usando o fio de jumper.<br> <br> Micro:bit é uma placa de desenvolvimento de nível de entrada projetado pela BBC para o estudo de programação. Suporta a interface de programação gráfica PXT desenvolvida pela Microsoft e pode ser usada no Windows, MacOS, IOS, Android e muitos outros sistemas operacionais sem fazer o download do compilador.</p>
<h3>Parâmetros</h3>
<p>Tensão de entrada: DC 3V<br> Espaço entre os pinos: 2,54 mm<br></p>
<h3>Exemplo de uso</h3>
<p>Para usar a placa de breakout, o micro:bit da BBC deve ser inserido firmemente no conector conforme mostrado abaixo.</p>
<p><br>Você pode estender para conectar alguns componentes usando uma pequena placa de ensaio para projetar seu próprio circuito.</p>
<p><img src=""https://wiki.keyestudio.com/images/b/b1/Ks0297-5.png""></p>","ABC Robótica, Breakout Micro:bit, Micro:bit",https://abcescolar.pt/es/products/adaptador-breakout-board-para-micro-bit,https://cdn.shopify.com/s/files/1/0555/4277/5963/products/adaptador-breakout-board-para-microbit_1d53ecb8-df7e-4cfa-9e3a-7b03fb63b1fb.jpg?v=1665658275,,,,N/A,,,,,,,,4.5 €,6.52,,,4
KS0386,KS0386,KS0386,"Shenzhen KEYES DIY Robot co., Ltd (Keyestudio)",Adaptador ESP 01S para el módulo WiFi Keyestudio,2.16,,2.16,1 - 14 días,,"<p><span data-sheets-userformat='{""2"":6975,""3"":{""1"":0},""4"":{""1"":2,""2"":16777215},""5"":{""1"":[{""1"":2,""2"":0,""5"":{""1"":2,""2"":8421504}},{""1"":0,""2"":0,""3"":3},{""1"":1,""2"":0,""4"":1}]},""6"":{""1"":[{""1"":2,""2"":0,""5"":{""1"":2,""2"":8421504}},{""1"":0,""2"":0,""3"":3},{""1"":1,""2"":0,""4"":1}]},""7"":{""1"":[{""1"":2,""2"":0,""5"":{""1"":2,""2"":8421504}},{""1"":0,""2"":0,""3"":3},{""1"":1,""2"":0,""4"":1}]},""8"":{""1"":[{""1"":2,""2"":0,""5"":{""1"":2,""2"":8421504}},{""1"":0,""2"":0,""3"":3},{""1"":1,""2"":0,""4"":1}]},""11"":0,""12"":0,""14"":{""1"":2,""2"":0},""15"":""Calibri, sans-serif""}' data-sheets-value='{""1"":2,""2"":""Adaptador ESP 01S para Módulo Wifi Keyestudio""}'>Adaptador ESP 01S para Módulo Wifi, compatível com breadboard. Permite uma fácil ligação a módulos Wifi ESP8266.</span></p>
<h3><span><strong>Características</strong></span></h3>
<ul>
<li>Tensão de funcionamento: DC 5V</li>
<li>Corrente de funcionamento: 500mA mínimo</li>
<li>Comunicação: 3.3V</li>
<li>Tamanho: 18.8mm*16.8mm*19.8mm</li>
<li>Peso: 2.3g</li>
</ul>","ABC Robótica, Arduino, Ethernet, Iluminação e Comunicação, Módulos Arduino",https://abcescolar.pt/es/products/adaptador-esp-01s-para-modulo-wifi-keyestudio,https://cdn.shopify.com/s/files/1/0555/4277/5963/products/adaptador-esp-01s-para-modulo-wifi-keyestudio_bd1d052d-948d-4b24-8609-265236e68384.jpg?v=1665658325,,,,N/A,,,,,,,,4.5 €,2.16,,,6
4.172.12.78.00,,4.172.12.78.00,"AGA - Álcool e Géneros Alimentares, S.A.",Agaderm 30 ml - Desinfectante de mano con alcohol,1.69,,1.69,1 - 14 días,Desinfetante mãos,"<p>O Agaderm é uma solução alcoólica anti-séptica e bactericida com dermoproteção. Recomendada para a desinfeção das mãos.<br></p>
<p>Este desinfetante, após secagem, deixa uma película protetora sobre a pele.</p>
<h2><strong>Características:</strong></h2>
<ul>
<li>Capacidade: 30 mL</li>
<li>Fornecido com frasco pulverizador.</li>
</ul>
<p>Ver outros produtos de proteção contra a covid-19 <a href=""https://abcescolar.pt/collections/covid-19"" target=""_blank"">aqui</a>.<br></p>","__label:Top Vendas!, Covid-19, desinfeção, KuantoKusta",https://abcescolar.pt/es/products/agaderm-30-ml-desinfetante,https://cdn.shopify.com/s/files/1/0555/4277/5963/products/desinfetante-30ml.jpg?v=1622630807,,,,N/A,,,,,,,,4.5 €,1.69,,,62
4.4.172.88.02.00,,4.4.172.88.02.00,"AGA - Álcool e Géneros Alimentares, S.A.",Desinfectante de Agaderm 1 L,4.99,,4.99,1 - 14 días,Desinfetante mãos,"<p> </p>
<p>O Agaderm desinfetante 1L é uma solução alcoólica desinfetante com dermoprotetor. Recomendado para a desinfeção das mãos.</p>
<p>Contém álcool etílico, isopropílico e dermoprotector.</p>
<p>Deixa as mãos suaves, frescas e desinfectadas. Desinfeção e proteção da pele. Para uso frequente. Não é necessário o uso de água.</p>
<p><span style=""text-decoration: underline;""><strong>Modo de usar</strong></span><br> Verter nas mãos e friccionar durante 30 segundos. Pode ser utilizado sem água ou após a lavagem das mãos.</p>
<p><meta charset=""utf-8""><span>Ver outros produtos de proteção contra a covid-19 </span><a href=""https://abcescolar.pt/collections/covid-19"" target=""_blank"" data-mce-href=""https://abcescolar.pt/collections/covid-19"">aqui</a><span>.</span></p>","Covid-19, Desinfeção, KuantoKusta",https://abcescolar.pt/es/products/agaderm-desinfetante,https://cdn.shopify.com/s/files/1/0555/4277/5963/products/agaderm-1litro.jpg?v=1625482629,,,,N/A,,,,,,,,4.5 €,4.99,,,76
141792.50G,SR081.50G,141792.50G,Sordalab,Agar,12.07,,12.07,1 - 14 días,Ágar-ágar,"<p>Sinónimo : Gomme agar<br> Fórmula : (C<sub>12</sub>H<sub>18</sub>O<sub>9</sub>)n<br> Número CAS : 9002-18-0<br> Número CE : 232-658-1</p>
<p>Especificação :<br> Aspecto : poudre beige<br> Point de gélification (1, 5 %) : 35-37°C<br> Pouvoir gélifiant (1, 5 %) : &gt;300 g/cm²<br> Solubilidade em H2O : 1, 5% à 70°C</p>","A, Reagentes",https://abcescolar.pt/es/products/agar-agar,https://cdn.shopify.com/s/files/1/0555/4277/5963/products/woocommerce-placeholder_127ac1ab-11d8-486a-8645-58abecc0bef0.png?v=1619619724,,,,N/A,,,,,,,,4.5 €,12.07,,,1
AGAROSE,SR082.25G,AGAROSE,Sordalab,Agarosa,42.15,,42.15,1 - 14 días,Agarose,"<p>Fórmula: C<sub>24</sub>H<sub>38</sub>O<sub>19</sub></p>
<p>Número CAS : 9012-36-6<br> Número CE : 232-731-8</p>
<p>Especificação :<br> Aspecto : pó branco<br> Point de gélification (1, 5 %) : 34, 5-37, 5°C<br> Pouvoir gélifiant (1 %) : &gt;1200 g/cm²<br> EEO : 0,09-0,13</p>","A, Reagentes",https://abcescolar.pt/es/products/agarose,https://cdn.shopify.com/s/files/1/0555/4277/5963/products/woocommerce-placeholder_0b66d6e7-2f4f-4ca2-949e-9126b2cdc201.png?v=1619619726,,,,N/A,,,,,,,,4.5 €,42.15,,,1
33107333100,,33107333100,ABC Escolar,Giotto acuarelas (cx. 12 colores),5.23,,5.23,1 - 14 días,,"<p>O conjunto de Aguarelas Giotto com 12 cores é perfeito para artistas iniciantes e experientes que desejam explorar as possibilidades da pintura em aguarela. Este kit inclui uma paleta de cores vibrantes e pigmentadas que podem ser misturadas para criar tons únicos e personalizados. As aguarelas são formuladas para oferecer uma excelente solubilidade e aderência no papel, resultando em pinturas luminosas e duradouras. A caixa compacta e portátil facilita o transporte e a organização, tornando-a ideal para uso em sala de aula, em casa ou em viagens. Com estas aguarelas da Giotto, tanto crianças como adultos podem desfrutar de horas de diversão criativa e artística.</p>
<!---->","1º Ciclo, Material de apoio, Pré-Escolar",https://abcescolar.pt/es/products/aguarelas-giotto-cx-12-cores,https://cdn.shopify.com/s/files/1/0555/4277/5963/files/011001001_b08e7d46-6b51-4f9c-bae1-2309515165df.jpg?v=1717430156,,,,N/A,,,,,,,,4.5 €,5.23,,,6
LB0374,FMD003,LB0374,"Auxilab, S.L.",Tipo de lancet Pock en desastre,1.73,,1.73,1 - 14 días,Agulhas Magnéticas,"<h1>Agulha de dissecação com ponta tipo lanceta</h1>
<p>Agulha de dissecação com ponta tipo lanceta e cabo em aço inoxidável. Adequada para ser utilizada em contextos laboratoriais.<br></p>","Agulhas de Dissecação, Biologia e Geologia, Dissecação, Instrumentos, Laboratório, Lancetas, Material de Dissecação",https://abcescolar.pt/es/products/agulha-de-dissecacao-com-ponta-tipo-lanceta,https://cdn.shopify.com/s/files/1/0555/4277/5963/products/agulha-de-diseccao-cabo-metalico-ponta-tipo-lanceta.jpg?v=1619606661,,,,N/A,,,,,,,,4.5 €,1.73,,,9
DV401024,,DV401024,EISCO - Electronic Instrumentation,Aguja magnética con soporte,13.79,,13.79,1 - 14 días,Agulhas Magnéticas,"<h1>Agulha magnética com suporte</h1>
<p>Agulha magnética com suporte ideal para estudo de fenómenos magnéticos, como o funcionamento de uma bússola, teste de pólos magnéticos, encontrar a direção de uma corrente elétrica, entre outros.</p>
<p>O pilar é fabricado num metal não magnético com ponta de aço carbono. Esta estrutura está assente num suporte estável e resistente. O pólo Norte é representado pela agulha a vermelho, enquanto o pólo Sul é indicado pela cor branca.</p>
<p>Como se trata de uma ferramenta de demonstração simples mas, ao mesmo tempo, completa, pode ser utilizada em contexto escolar ou universitário.</p>
<p><br> <strong>Características</strong><br> • Altura total: 110 mm</p>","Agulhas magnéticas, Física, Magnetismo",https://abcescolar.pt/es/products/agulha-magnetica-com-suporte,https://cdn.shopify.com/s/files/1/0555/4277/5963/products/Agulha-magnetica-com-suporte-fisica-abc-escolar.jpg?v=1624894761,,,,N/A,,,,,,,,4.5 €,13.79,,,6
RGAL1165,,RGAL1165,"AGA - Álcool e Géneros Alimentares, S.A.",Alcohol etílico 70%,1.33,,1.33,1 - 14 días,Álcool Etílico,"<p>Embalagem de Álcool etílico 70%.</p>
<p><meta charset=""utf-8""><span>Ver outros produtos de proteção contra a covid-19 </span><a href=""https://abcescolar.pt/collections/covid-19"" data-mce-href=""https://abcescolar.pt/collections/covid-19"" target=""_blank"">aqui</a><span>.</span></p>","Covid-19, Desinfeção, KuantoKusta",https://abcescolar.pt/es/products/alcool-etilico-70,https://cdn.shopify.com/s/files/1/0555/4277/5963/products/alcool-etilico-70.jpg?v=1629121252,,,,N/A,,,,,,,,4.5 €,1.33,,,35
20254.1L,,20254.1L,Sordalab,Alcohol etílico desnaturalizado 95 °,11.15,,11.15,1 - 14 días,Álcool,"<p>Ethanol dénaturé avec de l'isopropanol (&lt;3%) et de la 2-butanone (&lt;3%)<br> Sinonimo : Alcool éthylique<br> Fórmula : C2H6O<br> Peso molecular : 46, 07 g/mol<br> Número CAS : 64-17-5<br> Número CE : 200-578-6</p>
  <p>Especificação :<br> Aspecto : liquide incolore<br> Pureza mínima : 95%<br> Ponto de fusão : -114°C<br> Ponto de ebulição : 78°C<br> Ponto de inflamação : 14°C c.f.<br> Densidade : 0, 803 g/cm3 à 20°C<br> Solubilidade em H2O : soluble</p>
  <p><a href=""https://cdn.shopify.com/s/files/1/0555/4277/5963/files/20254.2.5L.pdf?v=1621009006"" target=""_blank"" title=""Ficha de segurança"" rel=""noopener noreferrer""><img alt="""" src=""https://cdn.shopify.com/s/files/1/0555/4277/5963/files/ficha-seguranca_240x240.png?v=1621009674"" data-mce-selected=""1""></a></p>","A, Reagentes",https://abcescolar.pt/es/products/alcool-etilico-desnaturado-95,https://cdn.shopify.com/s/files/1/0555/4277/5963/products/woocommerce-placeholder_5b5126fe-0e38-4981-95e3-f2ad4a07d270.png?v=1619618337,,,,N/A,,,,,,,,4.5 €,11.15,,,5
AGFT0010050,,AGFT0010050,Qualiquimica,Alcohol de gel de 500 ml con tapa superior,6.61,,6.61,1 - 14 días,Álcool gel,"<p>Álcool gel 500mL com tampa flip top é uma solução alcoólica em gel. Fórmula especialmente adequada para higienização eficaz das mãos.</p>
<p>Caracteriza-se pela evaporação e secagem rápida sem necessidade de enxaguar.</p>
<p>Não deixa resíduos.</p>
<p>Isento de perfumes.</p>","Covid-19, Desinfeção",https://abcescolar.pt/es/products/alcool-gel-500ml-com-tampa-flip-top,https://cdn.shopify.com/s/files/1/0555/4277/5963/products/alcool-gel-500ml-2.jpg?v=1619625011,,,,N/A,,,,,,,,4.5 €,6.61,,,6
AG001050,,AG001050,Qualiquimica,5L Gel Alcohol,14.84,,14.84,1 - 14 días,Álcool gel,"<p>Álcool gel 5L é uma solução alcoólica em gel. Fórmula especialmente adequada para higienização eficaz das mãos.</p>
<p>Caracteriza-se pela evaporação e secagem rápida sem necessidade de enxaguar.</p>
<p>Não deixa resíduos.</p>
<p>Isento de perfumes.</p>","Covid-19, Desinfeção",https://abcescolar.pt/es/products/alcool-gel-5l,https://cdn.shopify.com/s/files/1/0555/4277/5963/products/alcool-gel-5l-1-2.jpg?v=1619625013,,,,N/A,,,,,,,,6.99 €,14.84,,,24
NS1650,NS1650,NS1650,Nowa Szkola,Almohadón,7.30,,7.30,1 - 14 días,Almofadas,"<h1>A almofada ideal para o descanso perfeito</h1>
<p>A Almofada para catre é fabricada com material de alta qualidade, confortável e 100% algodão. Este produto é especialmente concebido para utilização em Catre Kiddy que pode encontrar <a href=""https://abcescolar.pt/products/catre-empilhavel-azul?_pos=1&amp;_sid=a87b2fc0f&amp;_ss=r"" title=""Catre empilhável Azul"" data-mce-href=""https://abcescolar.pt/products/catre-empilhavel-azul?_pos=1&amp;_sid=a87b2fc0f&amp;_ss=r"" target=""_blank"">clicando aqui</a>.</p>
<h2><strong data-mce-fragment=""1"">Um merecido descanso</strong></h2>
<p>Esta almofada indicada para uso em contexto de creche irá proporcionar às crianças o descanso que tanto necessitam.</p>
<p>Não é aconselhável lavar.</p>
<p>Conheça outros produtos de descanso <a href=""https://abcescolar.pt/collections/descanso"" title=""Descanso"" data-mce-href=""https://abcescolar.pt/collections/descanso"" target=""_blank"">clicando aqui</a>.</p>
<h2 data-mce-fragment=""1"" style=""font-family: -apple-system, BlinkMacSystemFont, 'San Francisco', 'Segoe UI', Roboto, 'Helvetica Neue', sans-serif; display: inline !important;"" data-mce-style=""font-family: -apple-system, BlinkMacSystemFont, 'San Francisco', 'Segoe UI', Roboto, 'Helvetica Neue', sans-serif; display: inline !important;""><strong data-mce-fragment=""1"">Características:</strong></h2>
<ul>
<li><span>Dimensões da almofada: 38 x 27 cm</span></li>
<li>Cor branca</li>
<li>100% algodão</li>
</ul>","__label:Entrega Imediata!, __label:Top Vendas!, Descanso, Pré-Escolar",https://abcescolar.pt/es/products/almofada-para-catre-kiddy,https://cdn.shopify.com/s/files/1/0555/4277/5963/products/Almofada-para-catre-Kiddy-pre-escolar-abcescolar-1.jpg?v=1627039879,,,,N/A,,,,,,,,4.5 €,7.30,,,7
LB0182_1,BBC002,LB0182_1,"Auxilab, S.L.",Lata de porcelana,5.70,,5.70,1 - 14 días,Almofarizes,"<h1>Almofariz de porcelana com pilão</h1>
  <p>Este almofariz de porcelana com pilão foi especialmente pensado para ser utilizado em contexto escolar. </p>
  <p>Ideal para triturar e misturar substâncias de pouca dureza. A sua base plana confere-lhe segurança durante a sua utilização. O seu bico facilita na transferência das soluções. </p>
  <p>Disponível em várias capacidades.<br> <br><br></p>","Almofarizes, Laboratório, Porcelana",https://abcescolar.pt/es/products/almofariz-de-porcelana-com-pilao,https://cdn.shopify.com/s/files/1/0555/4277/5963/products/almofariz-de-porcelana-com-pilao.jpg?v=1629192658,,,,N/A,,,,,,,,4.5 €,5.70,,,14
LB0184,BBC004,LB0184,"Auxilab, S.L.",Lata de porcelana,9.84,,9.84,1 - 14 días,Almofarizes,"<h1>Almofariz de porcelana com pilão</h1>
  <p>Este almofariz de porcelana com pilão foi especialmente pensado para ser utilizado em contexto escolar. </p>
  <p>Ideal para triturar e misturar substâncias de pouca dureza. A sua base plana confere-lhe segurança durante a sua utilização. O seu bico facilita na transferência das soluções. </p>
  <p>Disponível em várias capacidades.<br> <br><br></p>","Almofarizes, Laboratório, Porcelana",https://abcescolar.pt/es/products/almofariz-de-porcelana-com-pilao,https://cdn.shopify.com/s/files/1/0555/4277/5963/products/almofariz-de-porcelana-com-pilao.jpg?v=1629192658,,,,N/A,,,,,,,,4.5 €,9.84,,,11
15A475.1609,ST005.250G,15A475.1609,Sordalab,Aminofenol,49.66,,49.66,1 - 14 días,Aminofenol,"<p>Sinónimo : Para-aminophénol<br> Fórmula : C<sub>6</sub>H<sub>7</sub>NO<br> Peso molecular : 109, 13 g/mol<br> Número CAS : 123-30-8<br> Número CE : 204-616-2</p>
<p>Especificação :<br> Aspecto : poudre blanche-beige<br> Pureza mínima : 99%<br> Ponto de fusão : 185-189°C<br> Ponto de inflamação : 195°C c.f.</p>
<p><a href=""https://cdn.shopify.com/s/files/1/0555/4277/5963/files/15A475.1609.pdf?v=1621009005"" title=""Ficha de segurança"" target=""_blank""><img alt="""" src=""https://cdn.shopify.com/s/files/1/0555/4277/5963/files/ficha-seguranca_240x240.png?v=1621009674"" data-mce-selected=""1""></a></p>","4, Reagentes",https://abcescolar.pt/es/products/aminofenol,https://cdn.shopify.com/s/files/1/0555/4277/5963/products/woocommerce-placeholder_b8fb039a-7dd1-4306-9e6b-179d73b45615.png?v=1619619225,,,,N/A,,,,,,,,4.5 €,49.66,,,1
PR112E,E,PR112E,Johannes Lieder GmbH & Co. KG,Ameba proteus,19.88,,19.88,1 - 14 días,Preparações Microscópicas,"<p>Amoeba proteus, u.i. mostrando núcleo, endoplasma, ectoplasma, pseudópodes</p>","Biologia e Geologia, Microscopia, Preparações Microscópicas",https://abcescolar.pt/es/products/amoeba-proteus,https://cdn.shopify.com/s/files/1/0555/4277/5963/products/preparacao-microscopica_86fc9507-1200-496c-b5fe-8c8321f8165f.jpg?v=1643302233,,,,N/A,,,,,,,,4.5 €,19.88,,,1
R-CALCÁRIO,,R-CALCÁRIO,"Biofossil - Imagens rochas e minerais, Lda",Muestras de roca/mineral (variadas),41.38,,41.38,1 - 14 días,,Amostras de várias rochas e minerais para crianças.,"Minerais, Rochas",https://abcescolar.pt/es/products/amostras-de-rochas-minerais-variadas,https://cdn.shopify.com/s/files/1/0555/4277/5963/products/andesito-abc-escolar_d21e558c-1319-496f-903e-91060f6e61d9.jpg?v=1666259999,,,,N/A,,,,,,,,4.5 €,41.38,,,1
PQB001,,PQB001,"Auxilab, S.L.",Período de partida en 19/26,15.38,,15.38,1 - 14 días,,"<p>A Ampola de Decantação Periforme IN 19/26 é um instrumento de laboratório essencial para a separação de líquidos imiscíveis. Com um formato periforme otimizado para maximizar a eficiência na decantação, esta ampola permite uma separação clara e precisa das camadas de líquido. Equipada com uma junta IN 19/26, garante uma conexão segura e resistente a vazamentos com outros equipamentos de laboratório. Fabricada em vidro de alta qualidade, é resistente a produtos químicos e a choques térmicos, tornando-se uma escolha durável para uso frequente em laboratório. Ideal para aplicações em química analítica e processos que requerem a purificação de substâncias.</p>
<!---->","Laboratório, Material de apoio, Material de apoio e suporte",https://abcescolar.pt/es/products/ampola-de-decantacao-periforme-in-19-26,https://cdn.shopify.com/s/files/1/0555/4277/5963/files/ObtenerImagen_a0c88f6f-73fe-44e4-a0e1-45acc3f3b9de.jpg?v=1719830101,,,,N/A,,,,,,,,4.5 €,15.38,,,1
12394221,,12394221,"Auxilab, S.L.",Período de partida en 19/26,27.80,,27.80,1 - 14 días,,"<p>A Ampola de Decantação Periforme IN 19/26 é um instrumento de laboratório essencial para a separação de líquidos imiscíveis. Com um formato periforme otimizado para maximizar a eficiência na decantação, esta ampola permite uma separação clara e precisa das camadas de líquido. Equipada com uma junta IN 19/26, garante uma conexão segura e resistente a vazamentos com outros equipamentos de laboratório. Fabricada em vidro de alta qualidade, é resistente a produtos químicos e a choques térmicos, tornando-se uma escolha durável para uso frequente em laboratório. Ideal para aplicações em química analítica e processos que requerem a purificação de substâncias.</p>
<!---->","Laboratório, Material de apoio, Material de apoio e suporte",https://abcescolar.pt/es/products/ampola-de-decantacao-periforme-in-19-26,https://cdn.shopify.com/s/files/1/0555/4277/5963/files/ObtenerImagen_a0c88f6f-73fe-44e4-a0e1-45acc3f3b9de.jpg?v=1719830101,,,,N/A,,,,,,,,4.5 €,27.80,,,10
INCL032,6CLIL,INCL032,TFH Europa AB,Manada,21.19,,21.19,1 - 14 días,Ampulhetas,"<h1>Ampulheta colorida</h1>
 <p>Com esta ampulheta colorida as crianças conseguem explorar, experimentar e aprender através de experiências sensoriais.</p>
 <p>Este brinquedo reconfortante proporciona uma experiência sensorial divertida e visualmente estimulante e relaxante, contribuindo para a diminuição dos níveis de ansiedade e de tensão da criança.</p>
 <h2><strong>Características</strong></h2>
 <ul>
 <li>Dimensões: 7 x 12 cm</li>
 <li>Cores variáveis</li>
 </ul>","Educação inclusiva, Estimulação sensorial, Estimulação visual, Motricidade fina, Psicomotricidade",https://abcescolar.pt/es/products/ampulheta-colorida,https://cdn.shopify.com/s/files/1/0555/4277/5963/files/3LQTC_1.jpg?v=1696241990,,,,N/A,,,,,,,,6.99 €,21.19,,,1
92002,92002,92002,Commotion (Europe) B.V.,Mini 3 minutos apresurarse (conj. 3),5.12,,5.12,1 - 14 días,,"<h1 data-mce-fragment=""1"">Mini ampulheta</h1>
<p data-mce-fragment=""1"">Com este conjunto de 3 mini ampulhetas, os mais novos irão poder contabilizar o tempo de uma forma diferente e divertida.</p>
<p data-mce-fragment=""1"">Estas ampulhetas caracterizam-se pela sua robustez, possuindo extremidades e areia no seu interior coloridas, o que as torna ainda mais divertidas.</p>
<p data-mce-fragment=""1"">Cada ampulheta possui areia no seu interior que irá cronometrar de forma precisa a passagem do tempo. Este conjunto irá permitir aos mais novos desenvolver várias competências e será útil para inúmeras atividades.</p>
<h2 data-mce-fragment=""1"">Áreas de aprendizagem:</h2>
<ul>
<li>Matemática;</li>
<li>Gestão de Tempo;</li>
<li>Comunicação;</li>
<li>Linguagem.</li>
</ul>
<p data-mce-fragment=""1""> </p>
<meta charset=""utf-8"">
<h1 data-mce-fragment=""1"">Características:<br>
</h1>
<ul>
<li>Inclui 3 mini ampulhetas;</li>
<li>Dimensões: 90 mm x 25 mm;</li>
<li>Idade Recomendada: +3 anos de idade.</li>
</ul>","1º Ciclo, Matemática, Medida",https://abcescolar.pt/es/products/ampulheta-mini-3-minutos-amarela,https://cdn.shopify.com/s/files/1/0555/4277/5963/products/ampulheta-amarelo.jpg?v=1640708128,,,,N/A,,,,,,,,4.5 €,5.12,,,16
92048,,92048,Commotion (Europe) B.V.,Pink Humbrest 2 minutos,14.09,,14.09,1 - 14 días,Ampulhetas,"<h1>Ampulheta rosa 2 minutos</h1>
<p>Ampulheta rosa de 2 minutos bastante resistente e indicada para cronometrar o tempo em jogos e atividades didáticas.</p>
<p>As ampulhetas de areia permitem demonstrar visualmente e de modo tradicional a passagem do tempo. São fáceis de entender e ideais para crianças pequenas.</p>
<p>Podem ser utilizadas em jogos cronometragem, bem como para a definição de períodos específicos de tempo para a conclusão de atividades como leitura, escrita criativa ou arrumação.</p>
<p><br><strong>Áreas de aprendizagem: </strong></p>
<ul>
<li>Matemática: tempo</li>
<li>Comunicação e Linguagem: literacia</li>
</ul>
<p><strong>Características:</strong><br>Tamanho: 300 x 150 mm</p>
<p><em>Idade: + 3 anos</em></p>","1º Ciclo, Matemática, Medida, Presentes de Natal especiais",https://abcescolar.pt/es/products/ampulheta-rosa-minutos,https://cdn.shopify.com/s/files/1/0555/4277/5963/files/92113_1_1.webp?v=1721312815,,,,N/A,,,,,,,,4.5 €,14.09,,,4
DVMAT0003,,DVMAT0003,Commotion (Europe) B.V.,Anillos de clasificación coloridos,15.63,,15.63,1 - 14 días,Anéis,"<h1>Anéis coloridos para triagem</h1>
<p>Os Anéis Coloridos para triagem são recursos pedagógicos vibrantes e interativos, destinados a tornar o aprendizado de conceitos matemáticos uma experiência divertida e envolvente para crianças. Esses anéis, disponíveis em diversas cores, ajudam a introduzir e reforçar habilidades como contagem, classificação, comparação de tamanhos, reconhecimento de padrões e operações básicas de matemática. Projetados para promover o desenvolvimento cognitivo e a coordenação motora fina, esses anéis incentivam a participação ativa das crianças, permitindo-lhes manipular fisicamente os objetos enquanto exploram conceitos matemáticos fundamentais de forma lúdica e educativa.</p>
<ul></ul>","1º Ciclo, Matemática, Triagem",https://abcescolar.pt/es/products/aneis-coloridos-para-triagem,https://cdn.shopify.com/s/files/1/0555/4277/5963/products/aneis-com-25-cm-coloridos-para-triagem-15-unidades.jpg?v=1619620317,,,,N/A,,,,,,,,4.5 €,15.63,,,1
DVMAT0005,,DVMAT0005,Commotion (Europe) B.V.,Anillos de clasificación coloridos,15.63,,15.63,1 - 14 días,Anéis,"<h1>Anéis coloridos para triagem</h1>
<p>Os Anéis Coloridos para triagem são recursos pedagógicos vibrantes e interativos, destinados a tornar o aprendizado de conceitos matemáticos uma experiência divertida e envolvente para crianças. Esses anéis, disponíveis em diversas cores, ajudam a introduzir e reforçar habilidades como contagem, classificação, comparação de tamanhos, reconhecimento de padrões e operações básicas de matemática. Projetados para promover o desenvolvimento cognitivo e a coordenação motora fina, esses anéis incentivam a participação ativa das crianças, permitindo-lhes manipular fisicamente os objetos enquanto exploram conceitos matemáticos fundamentais de forma lúdica e educativa.</p>
<ul></ul>","1º Ciclo, Matemática, Triagem",https://abcescolar.pt/es/products/aneis-coloridos-para-triagem,https://cdn.shopify.com/s/files/1/0555/4277/5963/products/aneis-com-25-cm-coloridos-para-triagem-15-unidades.jpg?v=1619620317,,,,N/A,,,,,,,,4.5 €,15.63,,,1
PH0374A,,PH0374A,EISCO - Electronic Instrumentation,Anillo de tumbas de S.,11.53,,11.53,1 - 14 días,Anéis,"<p>Este Anel de S. Gravesande é um produto especialmente concebido para estudar a <meta charset=""utf-8""><span data-mce-fragment=""1"">demonstração da expansão térmica.</span></p>
<p>Constituído por uma esfera, em latão, presa numa corrente a uma estrutura com anel também em latão e cabo em madeira.</p>
<h2>O que estuda? </h2>
<p>Este aparelho demonstra que a bola passa pelo anel quando está fria, mas não passa quando é aquecida. </p>
<h2>Características</h2>
<p>Diâmetro da esfera: 22 mm</p>","Calor e Energia, Dilatação térmica, Física",https://abcescolar.pt/es/products/anel-de-s-gravesande,https://cdn.shopify.com/s/files/1/0555/4277/5963/products/Anel-de-S-Gravesande-fisica-abc-escolar.jpg?v=1619477329,,,,N/A,,,,,,,,4.5 €,11.53,,,1
PH0376A,,PH0376A,EISCO - Electronic Instrumentation,S. Anillo severo con apoyo,53.06,,53.06,1 - 14 días,Anéis,"<p><meta charset=""utf-8""><span>Este Anel de S. Gravesande com suporte é um produto especialmente concebido para estudar a </span><span data-mce-fragment=""1"">demonstração da expansão térmica.</span></p>
<p>Montado numa base pesada em ferro para maior estabilidade.<br> Inclui uma esfera de 30 mm de diâmetro.</p>
<p>Altura total do aparelho: 28 cm</p>
<h2>O que estuda? </h2>
<p>Este aparelho demonstra que a bola passa pelo anel quando está fria, mas não passa quando é aquecida. </p>
<p><meta charset=""utf-8"">Pode optar por uma solução deste aparelho, sem suporte, <a href=""https://abcescolar.pt/products/anel-de-s-gravesande"" target=""_blank"" rel=""noopener noreferrer"">aqui</a>. <br><br></p>","Calor e Energia, Dilatação térmica, Física",https://abcescolar.pt/es/products/anel-de-s-gravesande-com-suporte,https://cdn.shopify.com/s/files/1/0555/4277/5963/products/Anel-de-S-Gravesande-com-suporte-fisica-abc-escolar.jpg?v=1619477327,,,,N/A,,,,,,,,4.5 €,53.06,,,6
PH0245S,,PH0245S,EISCO - Electronic Instrumentation,Anemómetro,26.62,,26.62,1 - 14 días,Anemómetros,"<h1>Anemómetro</h1>
<p>Este anemómetro é perfeito para que os estudantes possam aprender a determinar a velocidade do vento.</p>
<p>Indicado para alunos de qualquer idade.</p>
<h2><strong>Características</strong></h2>
<ul>
<li>Resistente à corrosão para uso prolongado ao ar livre</li>
<li>7 ""de altura, 8,5"" de diâmetro</li>
</ul>
<p><br></p>","Calor e Energia, Física, Meteorologia",https://abcescolar.pt/es/products/anemometro,https://cdn.shopify.com/s/files/1/0555/4277/5963/products/Anemometro-fisica-abc-escolar.jpg?v=1624895510,,,,N/A,,,,,,,,4.5 €,26.62,,,3
MDAP0959,,MDAP0959,"Bi-Office - Soluções Colaborativas, S.A.",Borrador magnético para marcador,11.99,,11.99,1 - 14 días,Apagadores,"<p>Apagador magnético para marcador<br></p>
<p>Apagador magnético para marcador. Adequado para ser usado em quadros brancos. Com pega de plástico branco e base em feltro.</p>","1º Ciclo, Consumíveis, Mobiliário/Audiovisuais",https://abcescolar.pt/es/products/apagador-magnetico-para-marcador,https://cdn.shopify.com/s/files/1/0555/4277/5963/products/apagador-magnetico-marcador.jpg?v=1619615920,,,,N/A,,,,,,,,4.5 €,11.99,,,20
BG0187,,BG0187,EISCO - Electronic Instrumentation,Aparato de demostración pulmonar,51.25,,51.25,1 - 14 días,Aparelhos,"<h1>Aparelho de demonstração dos pulmões</h1>
<p>Este aparelho de demonstração dos pulmões consiste em dois sacos, que representam os pulmões, ideal para as aulas de <a href=""https://abcescolar.pt/collections/anatomia-humana"" target=""_blank"">Biologia</a>. </p>
<p>A sua membrana de borracha, que serve como diafragma, e um invólucro de plástico transparente, que modela a cavidade torácica. Ao fazer o diafragma relaxar e contrair, é possível observar como os pulmões são esvaziados e ficam cheios de ar.</p>
<p>Como exibe representações detalhadas dos pulmões, este modelo é adequado para utilização em contexto escolar ou universitário. É indicado para a aprendizagem da anatomia do corpo humano, nomeadamente do Sistema Respiratório.</p>
<p>Em termos de estrutura, este modelo está preso a uma base resistente e estável e possui uma cobertura, o que permite um manuseamento simples.</p>
<h2>
<br><strong>Características</strong>
</h2>
<ul>
<li>Tamanho do modelo:  9, 5 x 6, 4 16, 5 cm</li>
<li>Base: 16, 5 x 12, 7 cm</li>
<li>Peso: 0, 4 g</li>
</ul>","Anatomia humana, Biologia e Geologia, Modelos",https://abcescolar.pt/es/products/aparelho-de-demonstracao-dos-pulmoes,https://cdn.shopify.com/s/files/1/0555/4277/5963/products/aparelho-de-demonstracao-dos-pulmoes.jpg?v=1646735459,,,,N/A,,,,,,,,4.5 €,51.25,,,1
LB0158,PBB001,LB0158,"Auxilab, S.L.",Dispositivo de destilación simple,218.53,,218.53,1 - 14 días,Aparelhos,"<h1>Aparelho de destilação simples</h1>
  <p>Aparelho de destilação especialmente indicado para uso em laboratórios de química. Adequado para ser usado por estudantes em contexto laboratorial.<br></p>
  <p>A destilação simples é uma técnica usada na separação de líquidos miscíveis, cujos pontos de ebulição são inferiores a 150 graus. </p>
  <h2>Características</h2>
  <ul>
  <li>Fabricado em vidro borosilicato</li>
  <li>Esmerilado 29/32</li>
  </ul>
  <p><br></p>","Destilação, Laboratório, Vidros/Plásticos",https://abcescolar.pt/es/products/aparelho-de-destilacao-simples-esmerilado-29-32,https://cdn.shopify.com/s/files/1/0555/4277/5963/products/aparelho-de-destilacao-simples-esmerilado.jpg?v=1629192707,,,,N/A,,,,,,,,4.5 €,218.53,,,5
BG0194,,BG0194,EISCO - Electronic Instrumentation,Fotosíntesis,38.20,,38.20,1 - 14 días,Aparelhos,"<h1>Aparelho de fotossíntese</h1>
<p>Aparelho de fotossíntese indicado para a medição e colheita de gases libertados pelas plantas aquáticas durante a fotossíntese. </p>
<p>O gás libertado pode ser medido pelo tubo capilar calibrado e retirado para análise através das seringas plásticas. Em termos de estrutura, este aparelho está montado em cima de uma base de plástico resistente e estável. Pode ser facilmente movido de um local para outro.</p>
<h2>Para o estudo da fotossíntesse!</h2>
<p>Por ser um instrumento completo, é indicado para utilização em contexto escolar e universitário, durante a aprendizagem de conceitos relacionados com a Alimentação das Plantas.</p>
<p><br> <strong>Características</strong><br> •  Dimensões:  190 x 150 mm</p>","Biologia e Geologia, Botânica, Modelos",https://abcescolar.pt/es/products/aparelho-de-fotossintese,https://cdn.shopify.com/s/files/1/0555/4277/5963/products/aparelho-de-fotossintese.jpg?v=1624896178,,,,N/A,,,,,,,,4.5 €,38.20,,,2
PH0388A,,PH0388A,EISCO - Electronic Instrumentation,Esperanza,27.59,,27.59,1 - 14 días,Aparelhos,"<h1>Aparelho de Hope</h1>
<p>Este aparelho de Hope serve para determinar a densidade máxima da água, durante as aulas de física. </p>
<p>Inclui um cilindro em folha de ferro com base e galeria, central, de 60 mm de altura e 100 mm de diâmetro. Contém ainda orifícios para utilização de termómetros.</p>
<p>É fornecido com manual de instruções!</p>","Calor e Energia, Dilatação térmica, Física",https://abcescolar.pt/es/products/aparelho-de-hope,https://cdn.shopify.com/s/files/1/0555/4277/5963/products/Aparelho-de-Hope-fisica-abc-escolar.jpg?v=1624896533,,,,N/A,,,,,,,,4.5 €,27.59,,,1
PH1084B,,PH1084B,EISCO - Electronic Instrumentation,Aparato de medición analógica - CC galvanómetro,23.32,,23.32,1 - 14 días,Aparelhos,"<h2>Aparelho de medida analógico - Galvanómetro CC</h2>
<p>Este aparelho de medida analógico - Galvanómetro CC é útil para a deteção de corrente elétrica. </p>
<p>Indicado para demonstrações e experiências em contexto de aula. Inclui caixa de plástico resistente e visor frontal em acrílico transparente. <br></p>
<h3><strong>Características</strong></h3>
<ul>
<li>
<strong>Dimensões</strong>: 125x90x85 mm</li>
<li>35 - 0 - 35 mV Sensibilidade 1mV / Div.</li>
<li>5 ""de comprimento, 3,5"" de largura e 3,25 ""de altura. </li>
<li>E<meta charset=""utf-8"">scala 60 mm, ajuste de zero e terminais de ligação de 4 mm.</li>
</ul>
<p><br></p>","Aparelhos de medição, Electricidade, Física",https://abcescolar.pt/es/products/aparelho-de-medida-analogico,https://cdn.shopify.com/s/files/1/0555/4277/5963/products/Aparelho-de-medida-analogico-Galvanometro-CC-fisica-abc-escolar.jpg?v=1625568014,,,,N/A,,,,,,,,4.5 €,23.32,,,1
PH1080G,,PH1080G,EISCO - Electronic Instrumentation,Aparato de medición analógica: voltímetro CC,26.49,,26.49,1 - 14 días,Aparelhos,"<h2>Aparelho de medida analógico - Voltímetro CC</h2>
<p>Aparelho de medida analógico - Voltímetro CC, especialmente indicado para medir a diferença de potencial entre dois pontos.</p>
<p>Pode também medir tensões contínuas ou alternadas. Também chamado<span data-mce-fragment=""1""> de <span style=""text-decoration: underline;""><strong>voltómetro</strong></span> ou <span style=""text-decoration: underline;""><strong>voltômetro</strong></span></span></p>
<h3><strong>Características</strong></h3>
<ul>
<li>Caixa de plástico resistente e visor frontal em acrílico transparente.</li>
<li>Escala 60 mm, ajuste de zero e terminais de ligação de 4 mm.</li>
<li>Dimensões: 125x90x85 mm</li>
</ul>
<p><br></p>","Aparelhos de medição, Electricidade, Física",https://abcescolar.pt/es/products/aparelho-de-medida-analogico-voltimetro-cc,https://cdn.shopify.com/s/files/1/0555/4277/5963/products/Aparelho-de-medida-analogico-Voltimetro-CC-fisica-abc-escolar.jpg?v=1629114359,,,,N/A,,,,,,,,4.5 €,26.49,,,4
PH1102B,,PH1102B,EISCO - Electronic Instrumentation,Amímetro de aparato de medición digital,45.60,,45.60,1 - 14 días,Aparelhos,"<h2>Aparelho de medida digital- Amperímetro CC</h2>
<p>Visor LCD de 3½ dígitos.</p>
<h3>Características</h3>
<ul>
<li>Precisão: 1 dígito.</li>
<li>Alimentação por pilha 9 volts incluída.</li>
<li>Tensão CC: 0 - 19.9 V - 20 V.</li>
<li>Corrente CC: 0 - 10 Amp.</li>
<li>Dimensões: 140x100x100 mm</li>
<li>Amperímetro CC</li>
</ul>","Aparelhos de medição, Electricidade, Física",https://abcescolar.pt/es/products/aparelho-de-medida-digital-amperimetro-cc,https://cdn.shopify.com/s/files/1/0555/4277/5963/products/Aparelho-de-medida-digital-Amperimetro-CC-fisica-abc-escolar.jpg?v=1619477357,,,,N/A,,,,,,,,4.5 €,45.60,,,4
PH0323SP3,,PH0323SP3,EISCO - Electronic Instrumentation,Distrito de primavera múltiple (Ley Hooke),120.98,,120.98,1 - 14 días,Aparelhos,"<h2><span>Aparelho de mola múltipla (lei de Hooke)</span></h2>
<p><span>Conjunto completo de aparelhos projetado para permitir que os alunos investiguem a lei de Hooke para uma única mola, combinações de molas em série e paralelas.<span> </span></span></p>
<p><span>Inclui uma base de aço, uma haste de aço, uma cabeça de metal, três molas de metal e três peças de plástico usadas para montagem e medição.<span> </span></span></p>
<p><span>O kit inclui todas as peças necessárias para configurar e realizar experimentos com facilidade.<span> </span></span></p>
<p><span>Fácil montagem.</span><br></p>","Física, Mecânica, Oscilações mecânicas",https://abcescolar.pt/es/products/aparelho-de-mola-multipla-lei-de-hooke,https://cdn.shopify.com/s/files/1/0555/4277/5963/products/Aparelho-de-mola-multipla-lei-de-Hooke-fisica-abc-escolar.jpg?v=1619477364,,,,N/A,,,,,,,,4.5 €,120.98,,,2
